SNP	CHR	BP	P
rs613872	18	53210302	3.20173409728214e-17
rs596668	18	53264343	3.6366123809001727e-16
rs618869	18	53248151	4.44111314523013e-16
rs629376	18	53331267	3.4250170096246217e-15
rs652714	18	53321026	3.5137259197273933e-15
rs611775	18	53337939	3.7528040134198475e-15
rs10123378	9	96375217	2.3388840251635883e-11
rs10821203	9	96447466	2.562575265087697e-11
rs4568663	9	96372325	2.7521730125354788e-11
rs10117225	9	96367345	2.8908877521520527e-11
rs10992797	9	96362115	3.081867137263066e-11
rs1412048	9	96362967	3.769150945018687e-11
rs10761240	9	96361922	4.2881203889609285e-11
rs6122779	20	47893014	1.1155549100266567e-10
rs6067037	20	47913578	1.1615897746668287e-10
rs6063378	20	47866411	1.1902435361148974e-10
rs6012555	20	47527742	1.3573619811316255e-10
rs6066909	20	47529913	1.3819306269196001e-10
rs6067034	20	47900164	1.3899279409444684e-10
rs635538	18	53273614	1.4979254295298968e-10
rs4810896	20	47535298	1.7264231630315596e-10
rs773020	9	77768122	1.8784903111947382e-10
rs584564	18	53227648	2.602641383471e-10
rs6066975	20	47750377	3.8623897176879765e-10
rs6125539	20	47703810	4.5102411469672704e-10
rs4810898	20	47554392	4.731724883933996e-10
rs4404733	5	152251897	4.861896968726011e-10
rs1130146	20	47859217	5.147080059984497e-10
rs2273653	20	47770756	5.443733446116423e-10
rs7272164	20	47766197	5.613288933922563e-10
rs2075678	20	47701339	6.188849567565741e-10
rs6066978	20	47755742	6.244408136392521e-10
rs6012564	20	47541600	6.341579853463701e-10
rs1031831	18	53347258	6.398182809556454e-10
rs3091529	20	47647068	6.619841574501956e-10
rs6095396	20	47627170	6.938488955189343e-10
rs3092039	20	47678770	7.16487172155404e-10
rs6122763	20	47797653	7.70625280855594e-10
rs7266044	20	47890656	7.949958109109708e-10
rs6066968	20	47727341	8.26498618158493e-10
rs10992768	9	96276135	8.95213202957665e-10
rs10821148	9	96283304	8.95213202957665e-10
rs2183760	9	96279334	9.047573195596377e-10
rs10821147	9	96271367	9.159179462759619e-10
rs4744250	9	96271752	9.43994181647261e-10
rs10821141	9	96258838	9.44049136951079e-10
rs2297376	9	96259582	9.56833470100375e-10
rs1412050	9	96270756	9.739681214961067e-10
rs2075679	20	47701589	1.0196707399886015e-09
rs1556416	9	96256583	1.0498183561848264e-09
rs10992759	9	96257626	1.0498183561848264e-09
rs4744249	9	96256847	1.0518034988031426e-09
rs4744247	9	96256487	1.0597138730388766e-09
rs3813388	9	96300597	1.0698652406162351e-09
rs10761233	9	96292166	1.1066446314216298e-09
rs10992780	9	96304767	1.1204473333244375e-09
rs1538482	20	47705496	1.3991978954969446e-09
rs3924314	5	152302912	1.4473538518743054e-09
rs11867618	17	65875587	1.5552921469014166e-09
rs4533947	5	152260682	1.5684773069708604e-09
rs9285647	5	152279502	1.6765069071187324e-09
rs8075604	17	66063101	2.0498318735963782e-09
rs10871582	18	53276589	2.070192079005432e-09
rs4304124	5	152260774	2.116793608669838e-09
rs1569750	20	47603241	2.355995210694906e-09
rs6019603	20	47653406	2.6022851087191154e-09
rs6019602	20	47651492	2.6474227798580222e-09
rs7270848	20	47639737	2.7337815269302956e-09
rs6019601	20	47647662	2.779450041031864e-09
rs6019621	20	47679963	2.868755891583208e-09
rs2075676	20	47691211	2.9966204224789082e-09
rs590076	18	53260732	3.073924559679209e-09
rs11167603	5	152282386	3.3236199193188956e-09
rs3890640	17	66053028	3.474957476062062e-09
rs784232	18	53427481	3.502192816830262e-09
rs4958529	5	151727891	3.6196093819116374e-09
rs11870068	17	65944515	3.6435381583682813e-09
rs1035400	5	151709900	3.7358779404866374e-09
rs1997854	20	47602339	4.0039658496338656e-09
rs10485609	20	47665612	4.009528634868898e-09
rs1983528	20	47686290	4.077609626739392e-09
rs9947593	18	53448395	4.137644981646473e-09
rs1983639	20	47572282	4.435544231637054e-09
rs1556876	20	47716451	4.462225775105394e-09
rs2348647	5	151714361	4.552291404928893e-09
rs13036715	20	47817815	5.1503655682971984e-09
rs8078543	17	66037251	5.221178999539116e-09
rs17113138	5	151731277	5.297423193682542e-09
rs6019582	20	47627605	5.332277445014026e-09
rs3818224	20	47628170	5.758915162219758e-09
rs6019545	20	47557014	5.958659802474469e-09
rs4287000	9	96451784	5.9962272529722014e-09
rs6504574	17	66023011	6.046926386296362e-09
rs784235	18	53423144	6.197099970281339e-09
rs1010254	5	151734109	6.218947785209465e-09
rs7216064	17	65898809	6.4512934395867195e-09
rs7223813	17	65945840	6.6961482283085195e-09
rs12449442	17	65947640	6.803949794430029e-09
rs6019581	20	47627572	7.427969490473577e-09
rs41396445	18	53242137	7.538988540752193e-09
rs6095391	20	47618835	7.679384189104078e-09
rs7211282	17	66024595	7.707638922088585e-09
rs11079707	17	65835617	8.769933086173149e-09
rs2126787	18	53462608	8.828662937531448e-09
rs11079706	17	65835470	8.965420866238383e-09
rs2365468	17	65841318	1.0082218948316304e-08
rs12452511	17	65832576	1.0129665892467326e-08
rs4743922	9	96234692	1.0347517827341298e-08
rs10992749	9	96232874	1.068203609242387e-08
rs7221651	17	65832390	1.0752733618879754e-08
rs10761229	9	96237376	1.076951819256208e-08
rs11791374	9	96245287	1.1473602858236974e-08
rs6504548	17	65886048	1.1898825380958109e-08
rs7212293	17	65847325	1.2451654296846684e-08
rs12602655	17	65909442	1.2976817359770621e-08
rs8071463	17	65938655	1.3062928929458176e-08
rs8074078	17	65838743	1.3147461220528537e-08
rs9897982	17	65879592	1.3429891088029653e-08
rs10821128	9	96209943	1.3760198681976528e-08
rs2128792	17	65857177	1.3877959110983298e-08
rs12602912	17	65870073	1.4352420554505111e-08
rs2046323	17	65849927	1.4475457362088116e-08
rs10445361	17	65962238	1.5025921371103795e-08
rs8079291	17	65887622	1.5290974658456807e-08
rs9890629	17	65871559	1.5924186744038843e-08
rs4318247	17	65882172	1.6261706112312485e-08
rs1055710	9	96214928	1.6297870253862335e-08
rs7208663	17	65885171	1.6461992690755404e-08
rs3935969	17	65881959	1.7323108581345182e-08
rs67777906	20	47557129	1.7797264803597037e-08
rs12379660	9	96182487	1.8394720586526075e-08
rs62084251	17	65878736	1.91307635351043e-08
rs9385564	6	131159590	2.1207673421025696e-08
rs1032614	6	131034807	2.3265492109025943e-08
rs872577	6	131167937	2.39422427886236e-08
rs78196477	2	50901796	2.5674420033461938e-08
rs1997852	20	47526559	2.9567912085428364e-08
rs6012556	20	47528443	3.014615370921879e-08
rs6569708	6	131179932	3.1370457912453324e-08
rs56305452	17	65990500	3.202968689833633e-08
rs4810890	20	47525457	3.296686920369122e-08
rs6504555	17	65940727	3.3348689654097576e-08
rs6727114	2	212752193	3.4241127277863354e-08
rs1997853	20	47526620	3.4976557727291205e-08
rs72799186	5	152182121	3.5353062033298214e-08
rs1115535	20	47590564	3.6424346619553256e-08
rs12622150	2	148673390	3.685326399993989e-08
rs9483170	6	131035958	4.044534279874701e-08
rs6933145	6	131080130	4.1693449127204254e-08
rs6012562	20	47535261	4.227518397743308e-08
rs8064704	17	66123432	4.245134725308367e-08
rs1261070	18	52903085	4.385131506768677e-08
rs10928374	2	148852035	4.3957652009784095e-08
rs7569629	2	148870703	4.527063828801651e-08
rs1497883	6	131047443	4.760037499297885e-08
rs2627019	2	148729050	4.9460150416431787e-08
